Id,Customer ID,Name,Age,Phone No.,Email Id,Credit card,Card Expiry,Address,Zip Code,City,State,Country,Year,Aadhar,Time
1,7AEC6AEC3,Jordan Garcia,24,**********,JordanGarcia@gmail.com,**** **** ****,05/28,***** ***** ***** *****,239110,Saharsa,Himachal Pradesh,India,2011,416097535130,19:56:43
2,1CEC5CEC0,Allison Jackson,22,**********,AllisonJackson@yahoo.com,**** **** ****,06/25,***** ***** ***** *****,829676,Bikaner,Chhattisgarh,India,2010,586848339691,19:21:36
3,3AAF1AAF0,David Hansen,28,**********,DavidHansen@yahoo.com,**** **** ****,02/32,***** ***** ***** *****,358576,Jammu,Goa,India,2022,473008691411,20:47:03
4,9EEB8EEB4,Steven Miller,40,**********,StevenMiller@gmail.com,**** **** ****,04/25,***** ***** ***** *****,355654,Munger,Uttarakhand,India,2021,428071508421,18:07:07
5,3FFA4FFA0,Jeffrey Hall,33,**********,JeffreyHall@gmail.com,**** **** ****,11/29,***** ***** ***** *****,994857,Kishanganj,Punjab,India,2010,175470638123,05:04:10
6,8DDA3DDA7,Sarah Green,38,**********,SarahGreen@gmail.com,**** **** ****,12/24,***** ***** ***** *****,647989,Ambarnath,Odisha,India,2010,376582369405,16:49:54
7,8DCB7DCB0,Terri Vazquez,28,**********,TerriVazquez@gmail.com,**** **** ****,11/27,***** ***** ***** *****,540493,Naihati,Uttarakhand,India,2015,771760452298,09:53:02
8,9DDF7DDF8,Cole Garcia PhD,47,**********,ColeGarciaPhD@hotmail.com,**** **** ****,04/24,***** ***** ***** *****,234568,Dhule,Rajasthan,India,2010,892137658217,13:15:11
9,9ABE4ABE3,Edward Stevens,24,**********,EdwardStevens@yahoo.com,**** **** ****,02/31,***** ***** ***** *****,584574,Bathinda,West Bengal,India,2012,275868809185,22:12:45
10,3CAE9CAE3,Dawn Wright,33,**********,DawnWright@hotmail.com,**** **** ****,05/26,***** ***** ***** *****,530493,Saharanpur,Uttar Pradesh,India,2016,109767017204,20:00:16
11,8BFB8BFB6,Maria Wilson,45,**********,MariaWilson@gmail.com,**** **** ****,07/25,***** ***** ***** *****,879676,Indore,Mizoram,India,2021,731886841261,15:04:23
12,1DFE8DFE4,Alexander Brown,46,**********,AlexanderBrown@yahoo.com,**** **** ****,11/25,***** ***** ***** *****,994857,Mahbubnagar,Haryana,India,2012,871754203556,09:46:48
13,2DDA8DDA3,Nicholas Aguilar,30,**********,NicholasAguilar@yahoo.com,**** **** ****,01/29,***** ***** ***** *****,809676,Gudivada,Maharashtra,India,2015,613758066062,12:08:44
14,3ECE2ECE0,Diana Novak,20,**********,DianaNovak@hotmail.com,**** **** ****,12/29,***** ***** ***** *****,786585,Khandwa,Tamil Nadu,India,2018,573864014002,23:55:26
15,4BFC4BFC0,Jonathan Smith,35,**********,JonathanSmith@gmail.com,**** **** ****,04/29,***** ***** ***** *****,784574,Jamshedpur,Madhya Pradesh,India,2016,628457637781,14:46:51
16,0BFE0BFE7,Ann Mack,43,**********,AnnMack@hotmail.com,**** **** ****,02/24,***** ***** ***** *****,786565,Raebareli,Chhattisgarh,India,2017,785232756672,20:36:05
17,1DBF8DBF6,Lindsay Lane PhD,23,**********,LindsayLanePhD@yahoo.com,**** **** ****,03/32,***** ***** ***** *****,599574,Kalyan-Dombivli,Arunachal Pradesh,India,2010,950402163964,07:30:02
18,7FFB1FFB2,Clarence Cooper,46,**********,ClarenceCooper@hotmail.com,**** **** ****,08/26,***** ***** ***** *****,786565,Bangalore,Manipur,India,2018,306777111312,08:16:56
19,4EFE3EFE9,Deanna Munoz,47,**********,DeannaMunoz@yahoo.com,**** **** ****,10/26,***** ***** ***** *****,694857,Kulti,Gujarat,India,2014,488601641951,06:51:27
20,8EFE9EFE3,Alan Miller,36,**********,AlanMiller@gmail.com,**** **** ****,12/24,***** ***** ***** *****,647989,Noida,Telangana,India,2012,665992719088,02:39:09
21,2DFA3DFA8,Brandon Clark,38,**********,BrandonClark@yahoo.com,**** **** ****,01/25,***** ***** ***** *****,239110,Nagercoil,Andhra Pradesh,India,2018,303003510565,17:45:55
22,5ABE1ABE3,Dr. Steven Hernandez,28,**********,Dr.StevenHernandez@yahoo.com,**** **** ****,05/26,***** ***** ***** *****,234568,Purnia,West Bengal,India,2020,197299045603,17:17:22
23,5FEF2FEF5,Emily West,42,**********,EmilyWest@gmail.com,**** **** ****,11/22,***** ***** ***** *****,345654,Dhule,Bihar,India,2019,339852250903,14:40:55
24,3CCB9CCB1,Shannon Carrillo,33,**********,ShannonCarrillo@hotmail.com,**** **** ****,03/32,***** ***** ***** *****,768576,Ahmedabad,Maharashtra,India,2022,948885536201,19:45:06
25,3FFD6FFD2,Lisa Henry,50,**********,LisaHenry@hotmail.com,**** **** ****,01/24,***** ***** ***** *****,829676,Junagadh,Tripura,India,2016,714070436668,11:50:13
26,9FBE0FBE8,Cory Little,28,**********,CoryLittle@yahoo.com,**** **** ****,12/28,***** ***** ***** *****,345654,Sasaram,Arunachal Pradesh,India,2012,227080862591,12:58:39
27,7CAC4CAC7,Shane Davila,35,**********,ShaneDavila@hotmail.com,**** **** ****,06/30,***** ***** ***** *****,355654,Narasaraopet,Kerala,India,2019,156851250225,06:54:39
28,7EEB1EEB8,Dr. Kenneth Clarke MD,48,**********,Dr.KennethClarkeMD@gmail.com,**** **** ****,06/24,***** ***** ***** *****,540493,North Dumdum,Manipur,India,2019,671086408117,19:11:00
29,3EDB7EDB2,Debbie Miller,42,**********,DebbieMiller@hotmail.com,**** **** ****,02/25,***** ***** ***** *****,968576,Ujjain,Odisha,India,2010,322005800014,14:46:53
30,0FCB8FCB6,Chad Meyer,24,**********,ChadMeyer@gmail.com,**** **** ****,06/23,***** ***** ***** *****,407989,Patiala,Himachal Pradesh,India,2010,261802606663,13:28:23
31,4FAD9FAD9,Melissa Yang,42,**********,MelissaYang@gmail.com,**** **** ****,11/22,***** ***** ***** *****,786585,Bhubaneswar,Punjab,India,2016,306967116881,07:25:12
32,5FAE6FAE4,Tami White,37,**********,TamiWhite@yahoo.com,**** **** ****,04/29,***** ***** ***** *****,394857,Kurnool,Punjab,India,2020,649261001576,19:31:04
33,7DFC9DFC9,Justin Norton,35,**********,JustinNorton@gmail.com,**** **** ****,09/28,***** ***** ***** *****,968576,Udupi,Bihar,India,2014,386742385241,19:57:49
34,6FEB5FEB2,Dana Boyd,26,**********,DanaBoyd@yahoo.com,**** **** ****,11/31,***** ***** ***** *****,355654,Bijapur,Himachal Pradesh,India,2013,675851149632,20:12:24
35,8DFF0DFF0,Laura Gibson,39,**********,LauraGibson@hotmail.com,**** **** ****,12/24,***** ***** ***** *****,355654,Pali,Manipur,India,2018,199368473583,01:40:04
36,3EAB6EAB0,Elizabeth Rodriguez,37,**********,ElizabethRodriguez@gmail.com,**** **** ****,09/25,***** ***** ***** *****,239110,Vijayanagaram,Madhya Pradesh,India,2018,663609409557,09:03:21
37,3FCE0FCE6,Bonnie Erickson,17,**********,BonnieErickson@hotmail.com,**** **** ****,01/30,***** ***** ***** *****,968576,Muzaffarpur,Manipur,India,2014,476070867363,17:43:19
38,1BCD4BCD3,Edward Sanchez,37,**********,EdwardSanchez@gmail.com,**** **** ****,12/28,***** ***** ***** *****,768576,Saharanpur,Rajasthan,India,2021,493970379589,18:51:05
39,3DDC5DDC8,Amanda Perry,36,**********,AmandaPerry@hotmail.com,**** **** ****,07/31,***** ***** ***** *****,232568,Haridwar,Odisha,India,2019,283028746883,17:57:43
40,5BFA9BFA7,John Anthony,39,**********,JohnAnthony@hotmail.com,**** **** ****,10/26,***** ***** ***** *****,694857,Hajipur,Meghalaya,India,2017,460169220163,03:43:43
41,0CDA4CDA5,Lori Short,45,**********,LoriShort@yahoo.com,**** **** ****,11/31,***** ***** ***** *****,968576,Shivpuri,Arunachal Pradesh,India,2018,651832363972,03:45:28
42,5DBD4DBD6,Jasmine Finley,29,**********,JasmineFinley@gmail.com,**** **** ****,03/28,***** ***** ***** *****,599574,Guntakal,Manipur,India,2015,643640004153,18:51:59
43,8FFC2FFC0,Lauren Brown,36,**********,LaurenBrown@yahoo.com,**** **** ****,09/23,***** ***** ***** *****,786585,Hajipur,Maharashtra,India,2012,474466702856,07:50:56
44,9AFE9AFE9,Roger Mathews,32,**********,RogerMathews@hotmail.com,**** **** ****,03/25,***** ***** ***** *****,232568,Cuttack,West Bengal,India,2011,210367465643,21:35:22
45,3DDD1DDD6,Jesse Boone,38,**********,JesseBoone@hotmail.com,**** **** ****,08/24,***** ***** ***** *****,726565,Barasat,Manipur,India,2012,445596696846,21:29:11
46,1ECC1ECC3,Hector Bennett,17,**********,HectorBennett@gmail.com,**** **** ****,11/26,***** ***** ***** *****,234568,Mirzapur,West Bengal,India,2016,496102098456,04:17:27
47,7CBE2CBE6,Sandra Hendricks,40,**********,SandraHendricks@gmail.com,**** **** ****,08/30,***** ***** ***** *****,358576,Anand,Himachal Pradesh,India,2019,397629621913,17:13:05
48,5DFB5DFB1,Daniel Richards,46,**********,DanielRichards@yahoo.com,**** **** ****,09/24,***** ***** ***** *****,232568,Nashik,Punjab,India,2016,384668078288,16:58:37
49,1CCC4CCC3,Robert Williams,46,**********,RobertWilliams@gmail.com,**** **** ****,06/22,***** ***** ***** *****,879676,Nizamabad,Manipur,India,2015,878811576684,04:54:13
50,3CDE7CDE2,Steven Harrison,38,**********,StevenHarrison@gmail.com,**** **** ****,03/28,***** ***** ***** *****,607989,Ramgarh,Assam,India,2018,656938088100,22:57:24
51,6ACB4ACB7,Michael Hunter,34,**********,MichaelHunter@gmail.com,**** **** ****,11/27,***** ***** ***** *****,786565,Sagar,Haryana,India,2013,638957395921,02:06:57
52,8ECA6ECA4,Rhonda Shaw,15,**********,RhondaShaw@yahoo.com,**** **** ****,09/22,***** ***** ***** *****,358576,Chandrapur,Mizoram,India,2014,965601052495,14:46:50
53,8FDD8FDD1,Riley Davis,24,**********,RileyDavis@gmail.com,**** **** ****,09/25,***** ***** ***** *****,345654,Bikaner,Haryana,India,2014,142943126235,07:18:12
54,5BDD4BDD6,Lisa Moore,34,**********,LisaMoore@hotmail.com,**** **** ****,04/28,***** ***** ***** *****,234568,Baranagar,Nagaland,India,2016,526191827264,16:27:28
55,4BAE4BAE6,Andrew Garcia,40,**********,AndrewGarcia@yahoo.com,**** **** ****,02/29,***** ***** ***** *****,234528,Khora ,Madhya Pradesh,India,2016,383833713183,09:30:12
56,8BAA2BAA2,Christina Sweeney,17,**********,ChristinaSweeney@yahoo.com,**** **** ****,04/27,***** ***** ***** *****,232568,Uluberia,Punjab,India,2020,332630742853,02:39:24
57,0EEF9EEF0,Brandon Chambers,47,**********,BrandonChambers@yahoo.com,**** **** ****,12/25,***** ***** ***** *****,784574,Dewas,Tripura,India,2017,851173800919,10:02:18
58,7DDA9DDA5,Stephanie Jimenez,27,**********,StephanieJimenez@hotmail.com,**** **** ****,02/32,***** ***** ***** *****,829676,Rohtak,Rajasthan,India,2016,804331923834,15:33:50
59,5BCA5BCA4,David Frey Jr.,24,**********,DavidFreyJr.@hotmail.com,**** **** ****,03/23,***** ***** ***** *****,968576,Nanded,Uttarakhand,India,2010,816437748626,11:08:21
60,7ABF1ABF8,Ashley Moore,38,**********,AshleyMoore@gmail.com,**** **** ****,01/30,***** ***** ***** *****,599574,Jalandhar,Maharashtra,India,2010,192448185020,17:58:11
61,9EFE6EFE8,Steven Fisher,22,**********,StevenFisher@yahoo.com,**** **** ****,05/23,***** ***** ***** *****,694857,Rourkela,Manipur,India,2021,786011416348,22:14:15
62,5EED9EED0,Grace Brown,18,**********,GraceBrown@hotmail.com,**** **** ****,09/22,***** ***** ***** *****,607989,Jaunpur,Telangana,India,2018,836958207679,03:52:29
63,8FDC7FDC1,Maureen Porter,39,**********,MaureenPorter@yahoo.com,**** **** ****,05/23,***** ***** ***** *****,694857,Ichalkaranji,Meghalaya,India,2016,864726669947,07:13:42
64,6AAC7AAC9,Melissa Thomas,13,**********,MelissaThomas@gmail.com,**** **** ****,05/25,***** ***** ***** *****,202110,Katihar,Arunachal Pradesh,India,2012,521174446091,10:04:32
65,6DFE3DFE0,Dana Valdez,33,**********,DanaValdez@yahoo.com,**** **** ****,04/32,***** ***** ***** *****,540493,Narasaraopet,Tripura,India,2021,931761177829,00:41:44
66,7BCF9BCF6,Michael Cooper,24,**********,MichaelCooper@gmail.com,**** **** ****,09/22,***** ***** ***** *****,829676,Unnao,Telangana,India,2018,844202553187,07:56:56
67,0EFD4EFD4,Cheryl Rodriguez,45,**********,CherylRodriguez@gmail.com,**** **** ****,06/22,***** ***** ***** *****,694857,Tirunelveli,Meghalaya,India,2013,764040092521,04:28:14
68,9CAD8CAD5,Taylor Young,16,**********,TaylorYoung@yahoo.com,**** **** ****,08/29,***** ***** ***** *****,305654,Jehanabad,Andhra Pradesh,India,2015,712426486585,05:17:48
69,8ABC4ABC0,Paul Williams,31,**********,PaulWilliams@hotmail.com,**** **** ****,09/31,***** ***** ***** *****,726565,Medininagar,Kerala,India,2013,861312972750,16:54:22
70,4AAD2AAD0,Joseph Flores,35,**********,JosephFlores@gmail.com,**** **** ****,01/32,***** ***** ***** *****,829676,Barasat,Kerala,India,2012,650511914493,04:20:54
71,2FDF4FDF3,Jessica Chen,20,**********,JessicaChen@gmail.com,**** **** ****,07/26,***** ***** ***** *****,879676,Jalandhar,Nagaland,India,2019,652152451165,17:05:08
72,2CED0CED7,Timothy Rodriguez,52,**********,TimothyRodriguez@gmail.com,**** **** ****,12/23,***** ***** ***** *****,768576,Sambhal,Goa,India,2019,645264221385,11:57:12
73,4DEB2DEB1,Jill Allen,46,**********,JillAllen@yahoo.com,**** **** ****,08/31,***** ***** ***** *****,239110,Surat,Punjab,India,2021,843881472107,07:53:08
74,5DBD1DBD5,Barbara Meza,30,**********,BarbaraMeza@yahoo.com,**** **** ****,03/26,***** ***** ***** *****,407989,Gurgaon,Gujarat,India,2016,393907062318,08:50:40
75,6EDF0EDF3,Cameron Guerra,22,**********,CameronGuerra@hotmail.com,**** **** ****,08/25,***** ***** ***** *****,768576,Shivpuri,Bihar,India,2018,362108011929,01:05:18
76,6FDA0FDA8,Edward Gilbert,28,**********,EdwardGilbert@yahoo.com,**** **** ****,11/29,***** ***** ***** *****,355654,Raebareli,Haryana,India,2015,191517974363,18:27:05
77,4DBA8DBA5,Jennifer Hall,14,**********,JenniferHall@yahoo.com,**** **** ****,12/24,***** ***** ***** *****,809676,Indore,Jharkhand,India,2013,616878265282,09:09:56
78,4DFF5DFF7,Tasha Molina,36,**********,TashaMolina@yahoo.com,**** **** ****,12/25,***** ***** ***** *****,786565,Nagercoil,Telangana,India,2016,244926012661,15:49:13
79,2EFD5EFD7,Brandon Bailey,38,**********,BrandonBailey@hotmail.com,**** **** ****,09/30,***** ***** ***** *****,358576,Udupi,Karnataka,India,2021,583940965150,04:59:55
80,4DEC0DEC3,Kristy Farmer,14,**********,KristyFarmer@hotmail.com,**** **** ****,01/29,***** ***** ***** *****,234568,Singrauli,Madhya Pradesh,India,2014,160568385936,19:59:52
81,6ADD2ADD5,Lauren Elliott,49,**********,LaurenElliott@yahoo.com,**** **** ****,10/28,***** ***** ***** *****,809676,Mirzapur,Arunachal Pradesh,India,2020,338673918128,08:44:12
82,5BDE4BDE7,Adam Pearson,44,**********,AdamPearson@hotmail.com,**** **** ****,02/24,***** ***** ***** *****,694857,Secunderabad,Jharkhand,India,2013,733336184250,17:03:49
83,2FCD3FCD4,Cory Obrien,45,**********,CoryObrien@gmail.com,**** **** ****,11/26,***** ***** ***** *****,355654,Jaunpur,Madhya Pradesh,India,2018,394724061798,16:20:26
84,9BCC0BCC4,Monica Delgado,33,**********,MonicaDelgado@yahoo.com,**** **** ****,09/29,***** ***** ***** *****,768576,Kota,Mizoram,India,2015,218178974596,03:05:32
85,9CDB8CDB6,Stephen Vargas,35,**********,StephenVargas@yahoo.com,**** **** ****,08/22,***** ***** ***** *****,358576,Satara,Andhra Pradesh,India,2017,412084353918,10:53:29
86,3ACD6ACD9,Nicole King,33,**********,NicoleKing@yahoo.com,**** **** ****,12/30,***** ***** ***** *****,968576,Kalyan-Dombivli,Punjab,India,2019,999677609854,19:01:17
87,2FAA6FAA1,Victoria Perez,15,**********,VictoriaPerez@gmail.com,**** **** ****,08/27,***** ***** ***** *****,202110,Proddatur,Gujarat,India,2019,900471807348,21:35:27
88,5FBA8FBA4,Alexander French,25,**********,AlexanderFrench@gmail.com,**** **** ****,09/26,***** ***** ***** *****,694857,Karimnagar,West Bengal,India,2015,606524708843,04:35:19
89,1FFC5FFC3,Lisa Brown,29,**********,LisaBrown@hotmail.com,**** **** ****,12/25,***** ***** ***** *****,786565,Vasai-Virar,Chhattisgarh,India,2010,546894157959,05:29:26
90,2BAB3BAB8,Autumn Banks,17,**********,AutumnBanks@hotmail.com,**** **** ****,10/26,***** ***** ***** *****,694857,Kolkata,Arunachal Pradesh,India,2021,329592008299,07:06:00
91,5CCE9CCE7,Brooke Zavala,40,**********,BrookeZavala@yahoo.com,**** **** ****,12/25,***** ***** ***** *****,239110,Tadepalligudem,Goa,India,2016,574726651528,04:25:15
92,4DDA7DDA9,Christopher Monroe,47,**********,ChristopherMonroe@gmail.com,**** **** ****,09/25,***** ***** ***** *****,829676,Ghaziabad,Maharashtra,India,2016,704225189726,05:22:37
93,2FEA9FEA7,Rachel Tanner,21,**********,RachelTanner@gmail.com,**** **** ****,02/32,***** ***** ***** *****,394857,Pudukkottai,Tamil Nadu,India,2012,496654247469,14:53:00
94,2DDD9DDD0,Juan Clark,19,**********,JuanClark@yahoo.com,**** **** ****,02/27,***** ***** ***** *****,786585,Thanjavur,Tamil Nadu,India,2020,418800569752,18:35:13
95,8CAE3CAE9,Megan Lin,47,**********,MeganLin@gmail.com,**** **** ****,10/31,***** ***** ***** *****,968576,Jehanabad,Tamil Nadu,India,2020,763511243233,23:17:32
96,8CDA4CDA3,Rachel Gonzalez,17,**********,RachelGonzalez@gmail.com,**** **** ****,12/27,***** ***** ***** *****,726565,Katni,Meghalaya,India,2012,932320907789,03:41:36
97,1EEA0EEA5,Dean Bennett,46,**********,DeanBennett@hotmail.com,**** **** ****,07/31,***** ***** ***** *****,968576,Farrukhabad,Manipur,India,2013,934950506097,02:07:08
98,2ECB6ECB9,Steven Harding,32,**********,StevenHarding@gmail.com,**** **** ****,03/32,***** ***** ***** *****,234528,Begusarai,Haryana,India,2013,394630887138,09:13:29
99,9EFC8EFC9,Tammy Casey,37,**********,TammyCasey@hotmail.com,**** **** ****,05/31,***** ***** ***** *****,234568,Mathura,West Bengal,India,2018,244655314437,10:22:16
100,4BDE7BDE8,Keith Shannon,31,**********,KeithShannon@yahoo.com,**** **** ****,02/25,***** ***** ***** *****,355654,Thane,Himachal Pradesh,India,2018,910298325622,13:30:52
