4,9EEB8EEB4,Steven Miller,0-45,**********,StevenMiller@gmail.com,**** **** ****,04/25,***** ***** ***** *****,300000,Munger,Uttarakhand,India,2021,428071508421,18:07:07
5,3FFA4FFA0,Jeffrey Hall,0-45,**********,JeffreyHall@gmail.com,**** **** ****,11/29,***** ***** ***** *****,900000,Kishanganj,Punjab,India,2010,175470638123,05:04:10
8,9DDF7DDF8,Cole Garcia PhD,0-45,**********,ColeGarciaPhD@hotmail.com,**** **** ****,04/24,***** ***** ***** *****,200000,Dhule,Rajasthan,India,2010,892137658217,13:15:11
12,1DFE8DFE4,Alexander Brown,0-45,**********,AlexanderBrown@yahoo.com,**** **** ****,11/25,***** ***** ***** *****,900000,Mahbubnagar,Haryana,India,2012,871754203556,09:46:48
14,3ECE2ECE0,Diana Novak,0-45,**********,DianaNovak@hotmail.com,**** **** ****,12/29,***** ***** ***** *****,700000,Khandwa,Tamil Nadu,India,2018,573864014002,23:55:26
15,4BFC4BFC0,Jonathan Smith,0-45,**********,JonathanSmith@gmail.com,**** **** ****,04/29,***** ***** ***** *****,700000,Jamshedpur,Madhya Pradesh,India,2016,628457637781,14:46:51
16,0BFE0BFE7,Ann Mack,0-45,**********,AnnMack@hotmail.com,**** **** ****,02/24,***** ***** ***** *****,700000,Raebareli,Chhattisgarh,India,2017,785232756672,20:36:05
18,7FFB1FFB2,Clarence Cooper,0-45,**********,ClarenceCooper@hotmail.com,**** **** ****,08/26,***** ***** ***** *****,700000,Bangalore,Manipur,India,2018,306777111312,08:16:56
22,5ABE1ABE3,Dr. Steven Hernandez,0-45,**********,Dr.StevenHernandez@yahoo.com,**** **** ****,05/26,***** ***** ***** *****,200000,Purnia,West Bengal,India,2020,197299045603,17:17:22
23,5FEF2FEF5,Emily West,0-45,**********,EmilyWest@gmail.com,**** **** ****,11/22,***** ***** ***** *****,300000,Dhule,Bihar,India,2019,339852250903,14:40:55
24,3CCB9CCB1,Shannon Carrillo,0-45,**********,ShannonCarrillo@hotmail.com,**** **** ****,03/32,***** ***** ***** *****,700000,Ahmedabad,Maharashtra,India,2022,948885536201,19:45:06
29,3EDB7EDB2,Debbie Miller,0-45,**********,DebbieMiller@hotmail.com,**** **** ****,02/25,***** ***** ***** *****,900000,Ujjain,Odisha,India,2010,322005800014,14:46:53
31,4FAD9FAD9,Melissa Yang,0-45,**********,MelissaYang@gmail.com,**** **** ****,11/22,***** ***** ***** *****,700000,Bhubaneswar,Punjab,India,2016,306967116881,07:25:12
32,5FAE6FAE4,Tami White,0-45,**********,TamiWhite@yahoo.com,**** **** ****,04/29,***** ***** ***** *****,300000,Kurnool,Punjab,India,2020,649261001576,19:31:04
33,7DFC9DFC9,Justin Norton,0-45,**********,JustinNorton@gmail.com,**** **** ****,09/28,***** ***** ***** *****,900000,Udupi,Bihar,India,2014,386742385241,19:57:49
35,8DFF0DFF0,Laura Gibson,0-45,**********,LauraGibson@hotmail.com,**** **** ****,12/24,***** ***** ***** *****,300000,Pali,Manipur,India,2018,199368473583,01:40:04
37,3FCE0FCE6,Bonnie Erickson,0-45,**********,BonnieErickson@hotmail.com,**** **** ****,01/30,***** ***** ***** *****,900000,Muzaffarpur,Manipur,India,2014,476070867363,17:43:19
38,1BCD4BCD3,Edward Sanchez,0-45,**********,EdwardSanchez@gmail.com,**** **** ****,12/28,***** ***** ***** *****,700000,Saharanpur,Rajasthan,India,2021,493970379589,18:51:05
39,3DDC5DDC8,Amanda Perry,0-45,**********,AmandaPerry@hotmail.com,**** **** ****,07/31,***** ***** ***** *****,200000,Haridwar,Odisha,India,2019,283028746883,17:57:43
41,0CDA4CDA5,Lori Short,0-45,**********,LoriShort@yahoo.com,**** **** ****,11/31,***** ***** ***** *****,900000,Shivpuri,Arunachal Pradesh,India,2018,651832363972,03:45:28
43,8FFC2FFC0,Lauren Brown,0-45,**********,LaurenBrown@yahoo.com,**** **** ****,09/23,***** ***** ***** *****,700000,Hajipur,Maharashtra,India,2012,474466702856,07:50:56
44,9AFE9AFE9,Roger Mathews,0-45,**********,RogerMathews@hotmail.com,**** **** ****,03/25,***** ***** ***** *****,200000,Cuttack,West Bengal,India,2011,210367465643,21:35:22
45,3DDD1DDD6,Jesse Boone,0-45,**********,JesseBoone@hotmail.com,**** **** ****,08/24,***** ***** ***** *****,700000,Barasat,Manipur,India,2012,445596696846,21:29:11
46,1ECC1ECC3,Hector Bennett,0-45,**********,HectorBennett@gmail.com,**** **** ****,11/26,***** ***** ***** *****,200000,Mirzapur,West Bengal,India,2016,496102098456,04:17:27
47,7CBE2CBE6,Sandra Hendricks,0-45,**********,SandraHendricks@gmail.com,**** **** ****,08/30,***** ***** ***** *****,300000,Anand,Himachal Pradesh,India,2019,397629621913,17:13:05
48,5DFB5DFB1,Daniel Richards,0-45,**********,DanielRichards@yahoo.com,**** **** ****,09/24,***** ***** ***** *****,200000,Nashik,Punjab,India,2016,384668078288,16:58:37
51,6ACB4ACB7,Michael Hunter,0-45,**********,MichaelHunter@gmail.com,**** **** ****,11/27,***** ***** ***** *****,700000,Sagar,Haryana,India,2013,638957395921,02:06:57
54,5BDD4BDD6,Lisa Moore,0-45,**********,LisaMoore@hotmail.com,**** **** ****,04/28,***** ***** ***** *****,200000,Baranagar,Nagaland,India,2016,526191827264,16:27:28
55,4BAE4BAE6,Andrew Garcia,0-45,**********,AndrewGarcia@yahoo.com,**** **** ****,02/29,***** ***** ***** *****,200000,Khora ,Madhya Pradesh,India,2016,383833713183,09:30:12
56,8BAA2BAA2,Christina Sweeney,0-45,**********,ChristinaSweeney@yahoo.com,**** **** ****,04/27,***** ***** ***** *****,200000,Uluberia,Punjab,India,2020,332630742853,02:39:24
57,0EEF9EEF0,Brandon Chambers,0-45,**********,BrandonChambers@yahoo.com,**** **** ****,12/25,***** ***** ***** *****,700000,Dewas,Tripura,India,2017,851173800919,10:02:18
59,5BCA5BCA4,David Frey Jr.,0-45,**********,DavidFreyJr.@hotmail.com,**** **** ****,03/23,***** ***** ***** *****,900000,Nanded,Uttarakhand,India,2010,816437748626,11:08:21
69,8ABC4ABC0,Paul Williams,0-45,**********,PaulWilliams@hotmail.com,**** **** ****,09/31,***** ***** ***** *****,700000,Medininagar,Kerala,India,2013,861312972750,16:54:22
72,2CED0CED7,Timothy Rodriguez,0-45,**********,TimothyRodriguez@gmail.com,**** **** ****,12/23,***** ***** ***** *****,700000,Sambhal,Goa,India,2019,645264221385,11:57:12
75,6EDF0EDF3,Cameron Guerra,0-45,**********,CameronGuerra@hotmail.com,**** **** ****,08/25,***** ***** ***** *****,700000,Shivpuri,Bihar,India,2018,362108011929,01:05:18
78,4DFF5DFF7,Tasha Molina,0-45,**********,TashaMolina@yahoo.com,**** **** ****,12/25,***** ***** ***** *****,700000,Nagercoil,Telangana,India,2016,244926012661,15:49:13
79,2EFD5EFD7,Brandon Bailey,0-45,**********,BrandonBailey@hotmail.com,**** **** ****,09/30,***** ***** ***** *****,300000,Udupi,Karnataka,India,2021,583940965150,04:59:55
80,4DEC0DEC3,Kristy Farmer,0-45,**********,KristyFarmer@hotmail.com,**** **** ****,01/29,***** ***** ***** *****,200000,Singrauli,Madhya Pradesh,India,2014,160568385936,19:59:52
83,2FCD3FCD4,Cory Obrien,0-45,**********,CoryObrien@gmail.com,**** **** ****,11/26,***** ***** ***** *****,300000,Jaunpur,Madhya Pradesh,India,2018,394724061798,16:20:26
84,9BCC0BCC4,Monica Delgado,0-45,**********,MonicaDelgado@yahoo.com,**** **** ****,09/29,***** ***** ***** *****,700000,Kota,Mizoram,India,2015,218178974596,03:05:32
86,3ACD6ACD9,Nicole King,0-45,**********,NicoleKing@yahoo.com,**** **** ****,12/30,***** ***** ***** *****,900000,Kalyan-Dombivli,Punjab,India,2019,999677609854,19:01:17
89,1FFC5FFC3,Lisa Brown,0-45,**********,LisaBrown@hotmail.com,**** **** ****,12/25,***** ***** ***** *****,700000,Vasai-Virar,Chhattisgarh,India,2010,546894157959,05:29:26
93,2FEA9FEA7,Rachel Tanner,0-45,**********,RachelTanner@gmail.com,**** **** ****,02/32,***** ***** ***** *****,300000,Pudukkottai,Tamil Nadu,India,2012,496654247469,14:53:00
94,2DDD9DDD0,Juan Clark,0-45,**********,JuanClark@yahoo.com,**** **** ****,02/27,***** ***** ***** *****,700000,Thanjavur,Tamil Nadu,India,2020,418800569752,18:35:13
95,8CAE3CAE9,Megan Lin,0-45,**********,MeganLin@gmail.com,**** **** ****,10/31,***** ***** ***** *****,900000,Jehanabad,Tamil Nadu,India,2020,763511243233,23:17:32
96,8CDA4CDA3,Rachel Gonzalez,0-45,**********,RachelGonzalez@gmail.com,**** **** ****,12/27,***** ***** ***** *****,700000,Katni,Meghalaya,India,2012,932320907789,03:41:36
97,1EEA0EEA5,Dean Bennett,0-45,**********,DeanBennett@hotmail.com,**** **** ****,07/31,***** ***** ***** *****,900000,Farrukhabad,Manipur,India,2013,934950506097,02:07:08
98,2ECB6ECB9,Steven Harding,0-45,**********,StevenHarding@gmail.com,**** **** ****,03/32,***** ***** ***** *****,200000,Begusarai,Haryana,India,2013,394630887138,09:13:29
99,9EFC8EFC9,Tammy Casey,0-45,**********,TammyCasey@hotmail.com,**** **** ****,05/31,***** ***** ***** *****,200000,Mathura,West Bengal,India,2018,244655314437,10:22:16
